{"cameraMode":{"drawMode":0,"name":"Shaded","section":"Shading Mode"},"sceneLighting":true,"audioPlay":false,"sceneViewState":{"m_AlwaysRefresh":false,"showFog":true,"showSkybox":true,"showFlares":true,"showImageEffects":true,"showParticleSystems":true,"showVisualEffectGraphs":true,"m_FxEnabled":true},"in2DMode":false,"pivot":{"x":58.60434341430664,"y":-1.123433232307434,"z":-5.375232696533203},"rotation":{"x":0.14324155449867249,"y":0.15313906967639924,"z":-0.022441675886511804,"w":0.9775146245956421},"size":36.332984924316409,"orthographic":false}