{"cameraMode":{"drawMode":0,"name":"Shaded","section":"Shading Mode"},"sceneLighting":true,"audioPlay":false,"sceneViewState":{"m_AlwaysRefresh":false,"showFog":true,"showSkybox":true,"showFlares":true,"showImageEffects":true,"showParticleSystems":true,"showVisualEffectGraphs":true,"m_FxEnabled":true},"in2DMode":false,"pivot":{"x":60.836936950683597,"y":-0.9951732158660889,"z":32.16109848022461},"rotation":{"x":0.5591798424720764,"y":-0.0024870727211236955,"z":0.0016776699339970947,"w":0.8290422558784485},"size":85.80299377441406,"orthographic":true}