{"cameraMode":{"drawMode":0,"name":"Shaded","section":"Shading Mode"},"sceneLighting":true,"audioPlay":false,"sceneViewState":{"m_AlwaysRefresh":false,"showFog":true,"showSkybox":true,"showFlares":true,"showImageEffects":true,"showParticleSystems":true,"showVisualEffectGraphs":true,"m_FxEnabled":true},"in2DMode":false,"pivot":{"x":9.877431869506836,"y":-580.6055297851563,"z":615.3538208007813},"rotation":{"x":-0.4009031653404236,"y":0.003844775725156069,"z":-0.0016788274515420199,"w":-0.9161224365234375},"size":481.3670654296875,"orthographic":false}