{"cameraMode":{"drawMode":0,"name":"Shaded","section":"Shading Mode"},"sceneLighting":false,"audioPlay":false,"sceneViewState":{"m_AlwaysRefresh":false,"showFog":true,"showSkybox":false,"showFlares":true,"showImageEffects":true,"showParticleSystems":true,"showVisualEffectGraphs":true,"m_FxEnabled":true},"in2DMode":false,"pivot":{"x":26.59000015258789,"y":0.6571769714355469,"z":61.745079040527347},"rotation":{"x":0.06556131690740586,"y":0.10875849425792694,"z":-0.007190237287431955,"w":0.9918900728225708},"size":28.94257164001465,"orthographic":false}