{"cameraMode":{"drawMode":0,"name":"Shaded","section":"Shading Mode"},"sceneLighting":false,"audioPlay":false,"sceneViewState":{"m_AlwaysRefresh":false,"showFog":true,"showSkybox":false,"showFlares":true,"showImageEffects":true,"showParticleSystems":true,"showVisualEffectGraphs":true,"m_FxEnabled":true},"in2DMode":false,"pivot":{"x":2.384185791015625e-7,"y":0.6571762561798096,"z":0.12507665157318116},"rotation":{"x":-0.4009031653404236,"y":0.003844775725156069,"z":-0.0016788274515420199,"w":-0.9161224365234375},"size":4.6783037185668949,"orthographic":false}