{"cameraMode":{"drawMode":0,"name":"Shaded","section":"Shading Mode"},"sceneLighting":false,"audioPlay":false,"sceneViewState":{"m_AlwaysRefresh":false,"showFog":true,"showSkybox":false,"showFlares":true,"showImageEffects":true,"showParticleSystems":true,"showVisualEffectGraphs":true,"m_FxEnabled":true},"in2DMode":false,"pivot":{"x":27.459426879882814,"y":3.763400077819824,"z":64.72183990478516},"rotation":{"x":0.018869617953896524,"y":-0.9499313235282898,"z":0.05849539488554001,"w":0.30639344453811648},"size":0.2349957376718521,"orthographic":false}